{"cameraMode":{"drawMode":0,"name":"Shaded","section":"Shading Mode"},"sceneLighting":true,"audioPlay":false,"sceneViewState":{"m_AlwaysRefresh":false,"showFog":true,"showSkybox":true,"showFlares":true,"showImageEffects":true,"showParticleSystems":true,"showVisualEffectGraphs":true,"m_FxEnabled":true},"in2DMode":false,"pivot":{"x":0.7349587082862854,"y":-22.7822265625,"z":17.46518325805664},"rotation":{"x":0.37962475419044497,"y":0.0055510313250124458,"z":-0.0022778401616960766,"w":0.9251219630241394},"size":24.11091423034668,"orthographic":false}